<?xml version="1.0" encoding="UTF-8"?>
<!DOCTYPE mapper
    PUBLIC "-//mybatis.org//DTD Mapper 3.0//EN"
    "http://mybatis.org/dtd/mybatis-3-mapper.dtd">
<mapper namespace="com.peisia.mapper.VideoMapper">

    <!-- 비디오 목록 조회 - 최신순으로 정렬하여 모든 필드를 가져옴 -->
    <select id="getAllVideos" resultType="com.peisia.dto.VideoVO">
        SELECT vno, title, writer, url, reg_date as regdate
        FROM videos
        WHERE is_deleted = 0
        ORDER BY reg_date DESC
    </select>

    <!-- 단일 비디오 조회 - 비디오 번호(vno)로 특정 비디오의 모든 정보를 가져옴 -->
    <select id="getVideoById" parameterType="long" resultType="com.peisia.dto.VideoVO">
        SELECT vno, title, writer, url, reg_date as regdate
        FROM videos
        WHERE vno = #{vno}
    </select>

    <!-- 비디오 삭제 쿼리 -->
    <delete id="deleteVideo" parameterType="long">
        DELETE FROM videos
        WHERE vno = #{vno}
    </delete>

    <!-- 비디오 등록 쿼리 -->
    <insert id="insertVideo" parameterType="com.peisia.dto.VideoVO">
        INSERT INTO videos (title, writer, url, reg_date)
        VALUES (#{title}, #{writer}, #{url}, #{regdate})
    </insert>

    <update id="softDelete">
        UPDATE videos 
        SET is_deleted = 1 
        WHERE vno = #{vno}
    </update>

    <update id="restore">
        UPDATE videos 
        SET is_deleted = 0 
        WHERE vno = #{vno}
    </update>

    <select id="getDeletedVideos" resultType="com.peisia.dto.VideoVO">
        SELECT vno, title, writer, url, reg_date as regdate
        FROM videos
        WHERE is_deleted = 1
        ORDER BY reg_date DESC
    </select>

</mapper>
