<?xml version="1.0" encoding="UTF-8"?>
<beans xmlns="http://www.springframework.org/schema/beans"
	xmlns:xsi="http://www.w3.org/2001/XMLSchema-instance"
	xmlns:mybatis-spring="http://mybatis.org/schema/mybatis-spring"
	xmlns:context="http://www.springframework.org/schema/context"
	xsi:schemaLocation="http://mybatis.org/schema/mybatis-spring http://mybatis.org/schema/mybatis-spring-1.2.xsd
		http://www.springframework.org/schema/beans https://www.springframework.org/schema/beans/spring-beans.xsd
		http://www.springframework.org/schema/context http://www.springframework.org/schema/context/spring-context-4.3.xsd">

	<!-- Root Context: defines shared resources visible to all other web components -->
	<!-- DB 연결 설정 -->
	<!-- 커넥션 풀 설정 (Apache Commons DBCP 2.8.0) -->
	<bean id="dataSource"
		class="org.apache.commons.dbcp2.BasicDataSource"
		destroy-method="close">
		
		<!-- log4jdbc 드라이버 설정 -->
		<property name="driverClassName" value="net.sf.log4jdbc.sql.jdbcapi.DriverSpy"></property>
		<property name="url" value="jdbc:log4jdbc:mysql://localhost:3306/my_cat"></property>			
		
		<!-- DB 접속 정보 -->
		<property name="username" value="root" />
		<property name="password" value="root" />
	</bean>

	<!-- MyBatis SQLSessionFactory 설정 -->
	<bean id="sqlSessionFactory"
		class="org.mybatis.spring.SqlSessionFactoryBean">
		<property name="dataSource" ref="dataSource"></property>
	</bean>

	<!-- MyBatis Mapper 스캔 설정 -->
	<mybatis-spring:scan
		base-package="com.peisia.mapper" />

	<!-- 서비스 계층 컴포넌트 스캔 설정 -->
	<context:component-scan base-package="com.peisia.service">
	</context:component-scan>
	
</beans>
