<?xml version="1.0" encoding="UTF-8"?>
<!DOCTYPE mapper
    PUBLIC "-//mybatis.org//DTD Mapper 3.0//EN"
    "http://mybatis.org/dtd/mybatis-3-mapper.dtd">
<mapper namespace="com.spring.mapper.StuffMapper">
    <!-- 물건 목록 조회 -->
    <select id="getItemList" resultType="com.spring.dto.StuffDto">
        SELECT 
            item_id as itemId,
            item_name as itemName,
            price,
            stock,
            description
        FROM 
            tbl_stuff
        WHERE 
            deleted = 0
        ORDER BY 
            item_id DESC
    </select>
    
    <!-- 물건 등록 -->
    <insert id="registerItem">
        INSERT INTO tbl_stuff (
            item_name,
            price,
            stock,
            description
        ) VALUES (
            #{itemName},
            #{price},
            #{stock},
            #{description}
        )
    </insert>
    
    <!-- 장바구니에 추가 -->
    <insert id="addToCart">
        INSERT INTO tbl_cart (
            item_id,
            user_id,
            quantity,
            price
        ) VALUES (
            #{itemId},
            #{userId},
            #{quantity},
            (SELECT price FROM tbl_stuff WHERE item_id = #{itemId})
        )
    </insert>
    
    <!-- 장바구니 조회 -->
    <select id="getCartItems" resultType="com.spring.dto.CartDto">
        SELECT 
            c.cart_id as cartId,
            c.item_id as itemId,
            c.user_id as userId,
            c.quantity,
            c.price,
            s.item_name as itemName
        FROM 
            tbl_cart c
            JOIN tbl_stuff s ON c.item_id = s.item_id
        WHERE 
            c.user_id = #{userId}
    </select>
    
    <!-- 장바구니에서 삭제 -->
    <delete id="removeFromCart">
        DELETE FROM tbl_cart 
        WHERE cart_id = #{cartId}
    </delete>
    
    <!-- 재고 확인 -->
    <select id="checkStock" resultType="int">
        SELECT stock 
        FROM tbl_stuff 
        WHERE item_id = #{itemId}
    </select>
    
    <!-- 재고 업데이트 -->
    <update id="updateStock">
        UPDATE tbl_stuff 
        SET stock = stock - #{quantity}
        WHERE item_id = #{itemId}
    </update>
    
    <!-- 주문 생성 -->
    <insert id="createOrder" parameterType="long">
        INSERT INTO orders (user_id, item_id, quantity)
        SELECT user_id, item_id, quantity FROM tbl_cart WHERE user_id = #{userId}
    </insert>
    
    <!-- 장바구니 비우기 -->
    <delete id="clearCart" parameterType="long">
        DELETE FROM tbl_cart WHERE user_id = #{userId}
    </delete>
</mapper> 