<?xml version="1.0" encoding="UTF-8"?>
<!DOCTYPE mapper
    PUBLIC "-//mybatis.org//DTD Mapper 3.0//EN"
    "http://mybatis.org/dtd/mybatis-3-mapper.dtd">
<mapper namespace="com.peisia.mapper.VideoMapper">

    <!-- 비디오 목록을 가져오는 쿼리 -->
    <select id="getAllVideos" resultType="com.peisia.dto.VideoVO">
        SELECT vno, title, writer, regdate
        FROM videos
        ORDER BY regdate DESC
    </select>

    <!-- 비디오 번호로 비디오를 조회하는 쿼리 -->
    <select id="getVideoById" parameterType="long" resultType="com.peisia.dto.VideoVO">
        SELECT vno, title, writer, regdate
        FROM videos
        WHERE vno = #{vno}
    </select>

    <!-- 비디오 삭제 쿼리 -->
    <delete id="deleteVideo" parameterType="long">
        DELETE FROM videos
        WHERE vno = #{vno}
    </delete>

    <!-- 비디오 등록 쿼리 -->
    <insert id="insertVideo" parameterType="com.peisia.dto.VideoVO">
        INSERT INTO videos (title, writer, regdate)
        VALUES (#{title}, #{writer}, #{regdate})
    </insert>

</mapper>
