<?xml version="1.0" encoding="UTF-8"?>
<beans xmlns="http://www.springframework.org/schema/beans"
	xmlns:xsi="http://www.w3.org/2001/XMLSchema-instance"
	xmlns:mybatis-spring="http://mybatis.org/schema/mybatis-spring"
	xmlns:context="http://www.springframework.org/schema/context"
	xsi:schemaLocation="http://mybatis.org/schema/mybatis-spring http://mybatis.org/schema/mybatis-spring-1.2.xsd
		http://www.springframework.org/schema/beans https://www.springframework.org/schema/beans/spring-beans.xsd
		http://www.springframework.org/schema/context http://www.springframework.org/schema/context/spring-context-4.3.xsd">

	<!-- Root Context: defines shared resources visible to all other web components -->
	<!-- DB 연결 설정 -->
	<!-- Commons DBCP2 설정 -->
	<bean id="dataSource" class="org.apache.commons.dbcp2.BasicDataSource">
		<property name="driverClassName" value="net.sf.log4jdbc.sql.jdbcapi.DriverSpy"/>
		<property name="url" value="jdbc:log4jdbc:mysql://localhost:3306/my_cat"/>
		<property name="username" value="root"/>
		<property name="password" value="root"/>
	</bean>

	<!-- MyBatis SqlSessionFactory -->
	<bean id="sqlSessionFactory" class="org.mybatis.spring.SqlSessionFactoryBean">
		<property name="dataSource" ref="dataSource"/>
		<property name="mapperLocations" value="classpath:com/peisia/mapper/**/*Mapper.xml"/>
	</bean>

	<!-- MyBatis Mapper Scanner -->
	<mybatis-spring:scan base-package="com.peisia.mapper"/>

	<!-- 서비스 계층 컴포넌트 스캔 설정 -->
	<context:component-scan base-package="com.peisia.service"/>
	
</beans>
