<?xml version="1.0" encoding="UTF-8"?>
<!DOCTYPE mapper
	PUBLIC "-//mybatis.org//DTD Mapper 3.0//EN"
	"http://mybatis.org/dtd/mybatis-3-mapper.dtd">
<mapper namespace="com.peisia.mapper.PjMapper">
	<!-- resultType 에 복수형(ArrayList 등)을 적는게 아님. 
	그냥 dto 단수의 경로를 적어야됨. -->
	<select id="getPjList" resultType="com.peisia.dto.PjDto">
		SELECT * from pj
	</select>	
	<select id="selectPjMembers" resultType="com.peisia.dto.CardDto">
		SELECT * FROM project_members 
		WHERE project_no = #{projectNo}
	</select>
	<insert id="insertPjMember" parameterType="com.peisia.dto.SelectCardDto">
		INSERT INTO project_member (project_no, member_no)
		VALUES (#{projectNo}, #{memberNo})
	</insert>
	<insert id="createPj">
		INSERT INTO pj (name, level, gold, content) 
		VALUES (
			CONCAT(
				(SELECT name FROM (
					SELECT '멋진' as name UNION SELECT '신나는' UNION SELECT '즐거운' UNION 
					SELECT '새로운' UNION SELECT '특별한' UNION SELECT '행복한' UNION
					SELECT '놀라운' UNION SELECT '재미있는' UNION SELECT '활기찬' UNION SELECT '열정적인'
				) random_adjectives ORDER BY RAND() LIMIT 1),
				' ',
				(SELECT name FROM (
					SELECT '모험' as name UNION SELECT '여행' UNION SELECT '도전' UNION 
					SELECT '프로젝트' UNION SELECT '작업' UNION SELECT '미션' UNION
					SELECT '계획' UNION SELECT '임무' UNION SELECT '연구' UNION SELECT '활동'
				) random_nouns ORDER BY RAND() LIMIT 1),
				'_',
				(SELECT COUNT(*) + 1 FROM pj p)
			),
			FLOOR(RAND() * 5) + 1,
			FLOOR(RAND() * 9000) + 1000,
			'새 프로젝트'
		)
	</insert>
</mapper>
